1,aracelyC,$2a$10$klotFGdYLOB1mPcEzpoqLOIiqOdrs72Pj/Cs.RgOd8Hp4OMWDOj42,1,1,1
2,mieres7,$2a$10$klotFGdYLOB1mPcEzpoqLOIiqOdrs72Pj/Cs.RgOd8Hp4OMWDOj42,2,1,2
3,garciaB,$2a$10$klotFGdYLOB1mPcEzpoqLOIiqOdrs72Pj/Cs.RgOd8Hp4OMWDOj42,3,1,3
4,benjaminC,$2a$10$klotFGdYLOB1mPcEzpoqLOIiqOdrs72Pj/Cs.RgOd8Hp4OMWDOj42,4,1,4
5,daniE,$2a$10$klotFGdYLOB1mPcEzpoqLOIiqOdrs72Pj/Cs.RgOd8Hp4OMWDOj42,5,1,5
6,humbertoS,$2a$10$klotFGdYLOB1mPcEzpoqLOIiqOdrs72Pj/Cs.RgOd8Hp4OMWDOj42,6,2,2
7,mu√±ozC,$2a$10$klotFGdYLOB1mPcEzpoqLOIiqOdrs72Pj/Cs.RgOd8Hp4OMWDOj42,7,2,4
8,sofiCa,$2a$10$klotFGdYLOB1mPcEzpoqLOIiqOdrs72Pj/Cs.RgOd8Hp4OMWDOj42,8,2,5
9,fernandoR,$2a$10$klotFGdYLOB1mPcEzpoqLOIiqOdrs72Pj/Cs.RgOd8Hp4OMWDOj42,9,2,1
10,luciaT,$2a$10$klotFGdYLOB1mPcEzpoqLOIiqOdrs72Pj/Cs.RgOd8Hp4OMWDOj42,10,2,2
11,raulM,$2a$10$klotFGdYLOB1mPcEzpoqLOIiqOdrs72Pj/Cs.RgOd8Hp4OMWDOj42,11,2,3
12,martaG,$2a$10$klotFGdYLOB1mPcEzpoqLOIiqOdrs72Pj/Cs.RgOd8Hp4OMWDOj42,12,3,4
13,manuelH,$2a$10$klotFGdYLOB1mPcEzpoqLOIiqOdrs72Pj/Cs.RgOd8Hp4OMWDOj42,13,3,5
14,camilaS,$2a$10$klotFGdYLOB1mPcEzpoqLOIiqOdrs72Pj/Cs.RgOd8Hp4OMWDOj42,14,2,6
15,luisP,$2a$10$klotFGdYLOB1mPcEzpoqLOIiqOdrs72Pj/Cs.RgOd8Hp4OMWDOj42,15,3,1
16,anaR,$2a$10$klotFGdYLOB1mPcEzpoqLOIiqOdrs72Pj/Cs.RgOd8Hp4OMWDOj42,16,3,1
17,diegoO,$2a$10$klotFGdYLOB1mPcEzpoqLOIiqOdrs72Pj/Cs.RgOd8Hp4OMWDOj42,17,3,2
18,elenaL,$2a$10$klotFGdYLOB1mPcEzpoqLOIiqOdrs72Pj/Cs.RgOd8Hp4OMWDOj42,18,3,3
19,joseM,$2a$10$klotFGdYLOB1mPcEzpoqLOIiqOdrs72Pj/Cs.RgOd8Hp4OMWDOj42,19,3,4
20,valentinaG,$2a$10$klotFGdYLOB1mPcEzpoqLOIiqOdrs72Pj/Cs.RgOd8Hp4OMWDOj42,20,3,5
21,federicoD,$2a$10$klotFGdYLOB1mPcEzpoqLOIiqOdrs72Pj/Cs.RgOd8Hp4OMWDOj42,21,3,6
22,lauraC,$2a$10$klotFGdYLOB1mPcEzpoqLOIiqOdrs72Pj/Cs.RgOd8Hp4OMWDOj42,22,3,1
23,andresS,$2a$10$klotFGdYLOB1mPcEzpoqLOIiqOdrs72Pj/Cs.RgOd8Hp4OMWDOj42,23,3,2
24,marianaV,$2a$10$klotFGdYLOB1mPcEzpoqLOIiqOdrs72Pj/Cs.RgOd8Hp4OMWDOj42,24,3,3
